title,RAG_Category,category,timestamp,memo,session_name,seq,sub_seq,query,response
style-RAG更新後の疎通テスト-6-1-2025/06/15 00:05:46,style,W松本,2025-06-15T00:05:46+09:00,研究会またあるかもなんだね。,RAG更新後の疎通テスト,6,1,また今後も研究会あるかも,"おお、研究会またあるかもなんだね。それはいいじゃん！こういう議論の場って、続けることで新しい視点が見えてくることも多いしね。特にデジタル社会における消費者の課題って、日々変化するから、定期的にアップデートしていくのは大事だと思うよ。

次回があるなら、個人的には「消費者のリテラシーをどうやって育てるか」とか「海外プラットフォーマーとの協力をどう進めるか」みたいな実践的なテーマにフォーカスしてほしいな。あと、チェックリストとかガイドラインを作るだけじゃなくて、もっと動的な仕組みとか、リアルタイムで問題をキャッチして対応できるシステムの話も面白そう。

まあ、研究会が続くなら、また新しい発見もありそうだし、楽しみだね！"
opinion-RAG更新後の疎通テスト-6-1-2025/06/15 00:05:46,opinion,W松本,2025-06-15T00:05:46+09:00,チェックリストとかガイドラインを作るだけじゃなくて、もっと動的な仕組みとか、リアルタイムで問題をキャッチして対応できるシステムの話も面白そう。,RAG更新後の疎通テスト,6,1,また今後も研究会あるかも,"おお、研究会またあるかもなんだね。それはいいじゃん！こういう議論の場って、続けることで新しい視点が見えてくることも多いしね。特にデジタル社会における消費者の課題って、日々変化するから、定期的にアップデートしていくのは大事だと思うよ。

次回があるなら、個人的には「消費者のリテラシーをどうやって育てるか」とか「海外プラットフォーマーとの協力をどう進めるか」みたいな実践的なテーマにフォーカスしてほしいな。あと、チェックリストとかガイドラインを作るだけじゃなくて、もっと動的な仕組みとか、リアルタイムで問題をキャッチして対応できるシステムの話も面白そう。

まあ、研究会が続くなら、また新しい発見もありそうだし、楽しみだね！"
